eplenmean,eprewmean,fps,loss/approxkl,loss/clipfrac,loss/policy_entropy,loss/policy_loss,loss/value_loss,misc/explained_variance,misc/nupdates,misc/serial_timesteps,misc/time_elapsed,misc/total_timesteps
83.49,1.11,1836,0.00022092828,0.0,2.7078397,-0.00047130385,0.5330319,-0.0004311800003051758,1,256,8.923453788273036,16384
89.2,1.18,2903,0.00036094236,0.0,2.7063272,-0.00066509686,0.14086556,0.02998220920562744,2,512,14.64601457491517,32768
81.94,1.05,3025,0.0015190203,0.0018717448,2.700758,-0.0013622036,0.14489652,0.034940898418426514,3,768,20.10581067763269,49152
85.27,1.27,2997,0.0037082478,0.014689128,2.676246,-0.0018914891,0.14995158,-0.0017135143280029297,4,1024,25.573464733548462,65536
85.23,1.06,2979,0.002678571,0.011067708,2.6653767,-0.00232481,0.13731655,0.08421516418457031,5,1280,31.11693063378334,81920
90.49,1.27,3003,0.003412978,0.03072103,2.651941,-0.0029478588,0.16470014,0.055123746395111084,6,1536,36.57391917798668,98304
94.63,1.42,3001,0.0019756488,0.0045776367,2.64023,-0.001815417,0.18219137,0.08487308025360107,7,1792,42.07649923488498,114688
90.41,1.12,3082,0.0030183448,0.026163736,2.6380484,-0.0027016967,0.14390673,0.1498005986213684,8,2048,47.393839847296476,131072
82.92,0.97,2965,0.0042319377,0.03208415,2.6249356,-0.0034944527,0.14522387,0.1326277256011963,9,2304,52.958399903960526,147456
83.56,1.0,2962,0.004218892,0.030924479,2.589472,-0.0037017718,0.16037612,0.1434829831123352,10,2560,58.489891403354704,163840
88.62,1.15,2906,0.0036532774,0.03334554,2.6177495,-0.003471652,0.13488986,0.14378905296325684,11,2816,64.17030172049999,180224
89.28,1.08,2996,0.0039061185,0.024780273,2.5878837,-0.003428385,0.1554734,0.16764652729034424,12,3072,69.63930720929056,196608
87.0,1.04,2997,0.0039319308,0.032999676,2.585839,-0.0036576064,0.14362346,0.15553957223892212,13,3328,75.14395983051509,212992
94.65,1.5,2991,0.0036042938,0.022603353,2.5673163,-0.002768525,0.17246692,0.13162046670913696,14,3584,80.6214578198269,229376
81.2,1.14,3009,0.0033291539,0.024637857,2.5640738,-0.003742567,0.13789168,0.20786398649215698,15,3840,86.11289579048753,245760
87.27,1.39,2975,0.0041597025,0.034362793,2.5437253,-0.0051506087,0.14499167,0.24232637882232666,16,4096,91.61960698384792,262144
93.96,1.45,2956,0.0044989935,0.035705566,2.530988,-0.0038790042,0.1631452,0.20707356929779053,17,4352,97.20525953453034,278528
82.99,1.23,3032,0.0034389964,0.025675455,2.5449362,-0.004248544,0.13304685,0.2219099998474121,18,4608,102.60863943584263,294912
87.44,1.37,2956,0.0046195346,0.03898112,2.535318,-0.0046091545,0.1520729,0.17519891262054443,19,4864,108.19437032286078,311296
84.79,1.04,3000,0.0035991557,0.026855469,2.5376682,-0.004548853,0.14566763,0.22792011499404907,20,5120,113.65592862572521,327680
89.23,1.45,3062,0.004876759,0.046691895,2.50168,-0.006368311,0.15701427,0.214258074760437,21,5376,119.05135719757527,344064
100.34,1.77,2863,0.0045986283,0.037394207,2.492573,-0.00542802,0.20265509,0.19792068004608154,22,5632,124.77491939906031,360448
89.82,1.54,3003,0.005300161,0.048360188,2.5047596,-0.0055438564,0.1702929,0.21901482343673706,23,5888,130.27582965884358,376832
100.35,1.73,2975,0.004796931,0.043558758,2.4844453,-0.0064785834,0.16999839,0.2901778221130371,24,6144,135.78265415504575,393216
90.63,1.15,3018,0.0045700185,0.038431805,2.4949262,-0.0069158846,0.12312911,0.3393005132675171,25,6400,141.25231850426644,409600
89.05,1.52,2965,0.0046108575,0.038675945,2.516748,-0.005807357,0.15377049,0.27319878339767456,26,6656,146.7787370691076,425984
85.71,1.41,2936,0.0054595214,0.06252035,2.4938066,-0.007624961,0.16749038,0.2879220247268677,27,6912,152.40806582104415,442368
85.1,1.29,2969,0.003484724,0.03129069,2.523774,-0.006393099,0.15190677,0.25895291566848755,28,7168,157.92604754585773,458752
90.6,1.44,2992,0.0046371953,0.04827881,2.5107162,-0.0072188624,0.15094863,0.2509581446647644,29,7424,163.4452548250556,475136
89.76,1.63,2875,0.005196514,0.055928547,2.4905348,-0.007764503,0.18736126,0.32862770557403564,30,7680,169.14515689294785,491520
102.69,1.93,2930,0.005634422,0.0666097,2.471209,-0.008727075,0.1701663,0.34044337272644043,31,7936,174.7758297789842,507904
90.95,1.45,2939,0.0059166406,0.06876627,2.4634016,-0.009677068,0.1619521,0.3549225926399231,32,8192,180.35092949029058,524288
96.36,2.13,2928,0.006244406,0.06970215,2.4703333,-0.005544424,0.2204898,0.2954399585723877,33,8448,185.98935386631638,540672
99.12,1.61,2920,0.005742984,0.067220055,2.4532278,-0.008812471,0.14075714,0.4083769917488098,34,8704,191.5999865802005,557056
92.84,1.71,2957,0.0062260493,0.0742391,2.4624798,-0.010974304,0.16096207,0.334911048412323,35,8960,197.17979926243424,573440
95.24,1.67,2899,0.0061884033,0.070739746,2.4715116,-0.008953246,0.16167705,0.3687898516654968,36,9216,202.83192036487162,589824
97.08,1.52,3063,0.0061876723,0.07460531,2.4739156,-0.010949125,0.12687734,0.3861014246940613,37,9472,208.21971609257162,606208
93.63,1.49,2870,0.0059266966,0.068725586,2.453173,-0.010992281,0.15257683,0.4167039394378662,38,9728,213.92899614851922,622592
101.61,1.69,2936,0.0067635127,0.081848145,2.4526389,-0.008984367,0.16870989,0.342170774936676,39,9984,219.5624726144597,638976
92.1,1.41,2963,0.0069373753,0.094807945,2.4429562,-0.011506508,0.1468731,0.3896663188934326,40,10240,225.09140137862414,655360
95.68,2.04,3025,0.0066592195,0.08217367,2.4434903,-0.00994155,0.1670387,0.35692650079727173,41,10496,230.5505871847272,671744
91.11,1.44,2937,0.0073711365,0.09574381,2.4282596,-0.011895486,0.12999724,0.3655731678009033,42,10752,236.1279921848327,688128
98.57,2.07,2983,0.007306474,0.09511312,2.4137146,-0.009614217,0.1929965,0.3486210107803345,43,11008,241.6620395835489,704512
99.18,1.73,3019,0.0074658715,0.09975179,2.4378586,-0.010986257,0.12696137,0.40953099727630615,44,11264,247.08878403622657,720896
99.47,1.91,2953,0.006142713,0.07499186,2.4418328,-0.011409213,0.15121591,0.3825458884239197,45,11520,252.6956420848146,737280
94.69,1.56,2930,0.007394766,0.09952799,2.4133308,-0.012745946,0.14865081,0.3572002649307251,46,11776,258.2881039567292,753664
95.43,1.54,2932,0.0076365634,0.099121094,2.451932,-0.011915176,0.1304868,0.4121103882789612,47,12032,263.9226023023948,770048
102.1,1.86,2887,0.007678849,0.09842936,2.4133413,-0.009136687,0.17732419,0.428913414478302,48,12288,269.5984095670283,786432
97.63,1.67,2863,0.007614831,0.09899902,2.4182117,-0.012671619,0.14697744,0.4315282702445984,49,12544,275.38210795633495,802816
99.59,2.31,3040,0.0082963575,0.10583496,2.4201095,-0.010161366,0.19461392,0.4170560836791992,50,12800,280.77242053020746,819200
106.3,1.97,2974,0.007302632,0.094319664,2.3942893,-0.0123635745,0.19375645,0.44770997762680054,51,13056,286.3260278040543,835584
97.38,1.81,2909,0.008675406,0.115763344,2.3678827,-0.013624541,0.179295,0.43764740228652954,52,13312,291.9581824019551,851968
92.67,1.66,2984,0.009455368,0.13043213,2.3639824,-0.015224639,0.16937523,0.40407615900039673,53,13568,297.49044912308455,868352
100.13,2.04,2918,0.008828095,0.119018555,2.3465643,-0.013861342,0.1701623,0.44418007135391235,54,13824,303.1045574378222,884736
101.42,2.23,3077,0.00877326,0.122416176,2.3614295,-0.013683755,0.18148202,0.4803217053413391,55,14080,308.4739933554083,901120
95.26,1.97,2952,0.008646613,0.11842855,2.3605905,-0.015270624,0.17361824,0.4363372325897217,56,14336,314.0250383457169,917504
99.79,1.68,3069,0.0091069285,0.12906902,2.3716073,-0.0168391,0.1521853,0.4506196975708008,57,14592,319.41009391937405,933888
104.34,1.69,2955,0.008377121,0.11580404,2.385689,-0.014616122,0.15265468,0.46842700242996216,58,14848,324.9548356803134,950272
98.11,2.05,2950,0.007906449,0.10538737,2.33966,-0.014687696,0.1669842,0.3856019973754883,59,15104,330.55200461577624,966656
87.15,1.5,2909,0.0078097857,0.10233561,2.3196337,-0.011565823,0.17952521,0.4111539125442505,60,15360,336.1854506675154,983040
97.12,1.76,2890,0.009121056,0.12689209,2.3065684,-0.015646162,0.18503213,0.42186301946640015,61,15616,341.89344656839967,999424
93.1,1.72,2863,0.008524929,0.11808268,2.3080146,-0.014749554,0.16586046,0.4583478569984436,62,15872,347.6154795354232,1015808
96.94,1.82,2900,0.010067009,0.13708496,2.2655952,-0.017137414,0.14696768,0.5489701628684998,63,16128,353.3078666217625,1032192
106.19,1.99,2905,0.0101341605,0.14198811,2.2661002,-0.015248962,0.15426853,0.45649588108062744,64,16384,358.9485057676211,1048576
108.83,2.19,2950,0.009338607,0.13035075,2.260328,-0.013759252,0.1752429,0.5197166204452515,65,16640,364.54369139205664,1064960
91.93,1.66,2978,0.009405439,0.13169353,2.2552497,-0.014157084,0.16548218,0.4403613805770874,66,16896,370.0452273963019,1081344
97.44,1.87,2976,0.009047924,0.12194824,2.2630694,-0.017366165,0.16341151,0.47616660594940186,67,17152,375.58889746759087,1097728
99.66,2.0,2957,0.010176697,0.14249675,2.2461329,-0.016504074,0.17126584,0.480402410030365,68,17408,381.13006307091564,1114112
91.48,1.7,2961,0.009236305,0.12992351,2.241229,-0.017887376,0.15621255,0.44779378175735474,69,17664,386.70157347619534,1130496
102.41,2.36,2896,0.008842132,0.11973063,2.2598965,-0.016406324,0.18533085,0.4651396870613098,70,17920,392.3592374874279,1146880
114.5,2.34,2995,0.0095683765,0.13498943,2.2634485,-0.01610437,0.14815658,0.47482091188430786,71,18176,397.87460573390126,1163264
100.75,2.16,2914,0.009083531,0.1260783,2.235046,-0.014005744,0.17287262,0.5428546071052551,72,18432,403.498358883895,1179648
97.94,2.23,2898,0.0090452675,0.12648518,2.245335,-0.016856903,0.16427223,0.47480905055999756,73,18688,409.19131651800126,1196032
95.29,2.11,2925,0.009877994,0.13893636,2.2440164,-0.017737115,0.16527708,0.5247526168823242,74,18944,414.7937051150948,1212416
111.4,2.27,2965,0.009709186,0.13899739,2.2541993,-0.018972233,0.14924149,0.5765554308891296,75,19200,420.3618578510359,1228800
104.7,2.14,2873,0.009833035,0.13328044,2.2503505,-0.01649138,0.17750911,0.5437760949134827,76,19456,426.06399034149945,1245184
95.83,2.01,2926,0.009291825,0.12738037,2.2594137,-0.017875781,0.14271067,0.5555384755134583,77,19712,431.70500173419714,1261568
101.93,2.26,2913,0.009567193,0.13700359,2.2729447,-0.017388627,0.16942705,0.5220123827457428,78,19968,437.3298379816115,1277952
106.34,2.22,2886,0.009776705,0.13899739,2.2694476,-0.016485551,0.15635966,0.5537401139736176,79,20224,443.0477674882859,1294336
103.85,2.16,3028,0.009712123,0.13586426,2.286198,-0.019594276,0.17554772,0.4790987968444824,80,20480,448.4592336434871,1310720
94.69,1.86,3002,0.009932592,0.14074707,2.2609208,-0.018909538,0.13897084,0.5333778858184814,81,20736,453.9572334969416,1327104
101.7,1.8,3024,0.010109826,0.14064534,2.2913086,-0.017355232,0.14280368,0.4854198694229126,82,20992,459.376735127531,1343488
107.36,2.08,3069,0.010085606,0.13726807,2.257584,-0.018240685,0.1497866,0.5568922162055969,83,21248,464.75529444310814,1359872
102.66,2.21,3006,0.009910637,0.13893636,2.2575915,-0.018133333,0.16737448,0.520944356918335,84,21504,470.20516735035926,1376256
97.66,2.44,2956,0.010351774,0.14672852,2.2384403,-0.018141137,0.16620636,0.4997938871383667,85,21760,475.7885527033359,1392640
111.67,2.66,2875,0.0105708465,0.14670818,2.2444336,-0.02040226,0.17679255,0.46640533208847046,86,22016,481.48787376098335,1409024
106.31,2.67,2986,0.008192685,0.11431885,2.2443435,-0.016100572,0.17174347,0.531560480594635,87,22272,487.02004652190953,1425408
111.36,2.34,2946,0.010664221,0.14831543,2.2436872,-0.01707834,0.15262833,0.5083335041999817,88,22528,492.58079550322145,1441792
104.85,1.99,2981,0.010393644,0.14455159,2.2311194,-0.019160068,0.14328954,0.5067069232463837,89,22784,498.12231214903295,1458176
96.39,1.86,2919,0.010569946,0.14831543,2.2781246,-0.019835867,0.14415802,0.4836874008178711,90,23040,503.735518341884,1474560
102.42,1.93,3012,0.011488465,0.16070557,2.224047,-0.020332275,0.1490653,0.4940102696418762,91,23296,509.2152953138575,1490944
101.07,2.3,2971,0.010185725,0.14485677,2.2597828,-0.018574288,0.1792412,0.4681288003921509,92,23552,514.7298563588411,1507328
114.42,2.28,2975,0.010397393,0.14544678,2.2556732,-0.01881779,0.17786522,0.46363890171051025,93,23808,520.2781463563442,1523712
104.81,2.43,2931,0.010013093,0.13568115,2.227998,-0.019142913,0.17206162,0.48927152156829834,94,24064,525.8682511085644,1540096
95.5,1.99,2948,0.011207123,0.15899658,2.2277632,-0.019782612,0.15950465,0.542184591293335,95,24320,531.4716842249036,1556480
103.7,2.22,2959,0.009958151,0.13557942,2.2322905,-0.021328881,0.16639207,0.577945351600647,96,24576,537.0080614136532,1572864
104.15,2.25,2925,0.011063923,0.15171306,2.1830275,-0.019982131,0.17277555,0.5235278010368347,97,24832,542.6534247566015,1589248
109.12,2.08,2894,0.011146433,0.16023763,2.2243476,-0.020909198,0.14819385,0.527251273393631,98,25088,548.3152075726539,1605632
96.41,2.24,2929,0.011190999,0.15555827,2.2023213,-0.018472515,0.1659226,0.5188179612159729,99,25344,553.9799405382946,1622016
110.13,2.69,3059,0.010898204,0.15586345,2.2097032,-0.020563576,0.15454657,0.5707243382930756,100,25600,559.3349982528016,1638400
107.19,2.16,3070,0.010888812,0.15122478,2.21287,-0.020364553,0.15811616,0.5135962069034576,101,25856,564.7129178466275,1654784
101.81,2.04,2995,0.011539571,0.15686035,2.2328339,-0.023329625,0.13720842,0.4518120288848877,102,26112,570.1834426149726,1671168
104.07,2.33,2879,0.011897412,0.16229248,2.2256973,-0.020798117,0.16506831,0.4724920392036438,103,26368,575.9129272960126,1687552
100.69,2.36,2997,0.011267007,0.1496989,2.183891,-0.021277996,0.180948,0.46768492460250854,104,26624,581.3800588995218,1703936
113.39,2.22,3043,0.011515145,0.15539551,2.1718965,-0.020037347,0.13765056,0.48526495695114136,105,26880,586.8061293689534,1720320
106.09,2.15,3057,0.010939551,0.15588379,2.1635501,-0.02004695,0.15793422,0.5206556022167206,106,27136,592.1659682458267,1736704
114.4,2.24,2967,0.010812774,0.15458171,2.1807563,-0.018406266,0.15480722,0.5009048879146576,107,27392,597.7349980929866,1753088
106.85,2.73,2953,0.01026499,0.14276123,2.202554,-0.020727457,0.174531,0.4827205538749695,108,27648,603.2827082509175,1769472
107.86,1.85,2940,0.012157268,0.16503906,2.2110934,-0.02129483,0.13815352,0.4601173400878906,109,27904,608.8953142333776,1785856
110.9,2.54,3033,0.010043903,0.13903809,2.1925943,-0.020336434,0.16450061,0.4806775450706482,110,28160,614.297772763297,1802240
119.81,3.27,2887,0.011481854,0.15679932,2.1748424,-0.021871842,0.17852275,0.49384891986846924,111,28416,620.0180224133655,1818624
106.54,2.74,2886,0.010508221,0.14345296,2.2007957,-0.020529376,0.194561,0.47949445247650146,112,28672,625.6945061990991,1835008
103.9,2.56,2947,0.010760218,0.15039062,2.1514308,-0.023331834,0.16385198,0.5779231786727905,113,28928,631.296878467314,1851392
107.86,2.14,2985,0.011802979,0.16444905,2.1403458,-0.023149813,0.1600152,0.5114845633506775,114,29184,636.786886847578,1867776
112.68,2.77,2922,0.0114521375,0.16009521,2.159836,-0.022430072,0.17153639,0.5316987931728363,115,29440,642.4358565015718,1884160
102.32,2.55,2919,0.010574084,0.1462199,2.1243422,-0.021297574,0.17463095,0.5704494118690491,116,29696,648.0481931502,1900544
117.78,2.88,2855,0.011008639,0.1509196,2.1338267,-0.021254728,0.18249051,0.5528360903263092,117,29952,653.849646945484,1916928
104.22,2.24,2946,0.013290095,0.17978923,2.1303356,-0.023404501,0.16447428,0.5289550125598907,118,30208,659.4119513873011,1933312
100.67,2.12,3002,0.014350344,0.19158936,2.1399562,-0.024604185,0.15433288,0.5673609972000122,119,30464,664.9121199529618,1949696
110.78,2.45,3006,0.012745018,0.17777507,2.1516597,-0.018003605,0.18665987,0.5080251693725586,120,30720,670.3624753076583,1966080
111.0,2.61,2920,0.012889001,0.17685954,2.1304667,-0.023375615,0.15811199,0.5540625154972076,121,30976,676.0151947299019,1982464
110.3,2.89,2896,0.012254099,0.16040039,2.1004736,-0.022985278,0.16973506,0.5831540524959564,122,31232,681.6732200048864,1998848
102.94,2.28,2940,0.013682902,0.18648274,2.108946,-0.02556686,0.15598963,0.5503036379814148,123,31488,687.2938142223284,2015232
92.23,2.19,2886,0.011235352,0.15553792,2.1468027,-0.024126383,0.16646427,0.5012735426425934,124,31744,692.9716431526467,2031616
105.35,2.87,2938,0.011937261,0.16684978,2.1075594,-0.020973109,0.19934534,0.5547947585582733,125,32000,698.5878579486161,2048000
113.44,3.05,2926,0.013332185,0.1800944,2.1206417,-0.022966636,0.17450444,0.5183014571666718,126,32256,704.1880722679198,2064384
104.61,2.48,3033,0.014098353,0.18868001,2.119045,-0.024557143,0.15760203,0.5630864500999451,127,32512,709.6332879569381,2080768
109.99,2.47,3060,0.013154201,0.1809489,2.1345797,-0.024433522,0.14809449,0.5938363671302795,128,32768,714.987457334064,2097152
105.19,2.63,3000,0.01183653,0.16400146,2.1331549,-0.022748888,0.19273567,0.5325500667095184,129,33024,720.4951094016433,2113536
110.28,2.46,2952,0.013612133,0.1854248,2.1088607,-0.027385555,0.15716988,0.5603015124797821,130,33280,726.0454685771838,2129920
99.77,2.51,3042,0.011478211,0.15848796,2.1219285,-0.022579528,0.17674059,0.5617035627365112,131,33536,731.4724164772779,2146304
104.74,2.61,2920,0.011769172,0.16341145,2.116022,-0.022130469,0.19451542,0.5662222504615784,132,33792,737.0841354662552,2162688
110.73,2.61,3046,0.012434336,0.17816162,2.118984,-0.024587184,0.17191114,0.5862959623336792,133,34048,742.5034007206559,2179072
109.37,2.55,2967,0.01313996,0.18125407,2.1121476,-0.024169847,0.16997637,0.559862494468689,134,34304,748.0257403710857,2195456
116.01,2.4,2915,0.014162358,0.19665527,2.0901842,-0.022866694,0.17573904,0.547223836183548,135,34560,753.6876547075808,2211840
105.74,2.46,2959,0.012451244,0.17222087,2.1269205,-0.0246306,0.14755215,0.5812414884567261,136,34816,759.2242128802463,2228224
103.84,2.1,2959,0.013807307,0.19053142,2.0938537,-0.02510485,0.14849219,0.5920363366603851,137,35072,764.803160816431,2244608
111.6,2.52,2912,0.012862242,0.17651367,2.0907686,-0.022687636,0.14571497,0.6046510636806488,138,35328,770.4303241558373,2260992
109.08,2.73,2900,0.013328578,0.18479411,2.0901644,-0.026196549,0.15637599,0.6022476255893707,139,35584,776.1399878412485,2277376
116.66,2.48,2907,0.012504871,0.17128499,2.0598204,-0.024168923,0.16659868,0.5854590833187103,140,35840,781.7761847171932,2293760
105.65,2.17,3033,0.013855406,0.18906657,2.0684896,-0.026125876,0.13560407,0.5877209305763245,141,36096,787.2188960723579,2310144
117.52,2.49,2930,0.013700276,0.18792725,2.0882728,-0.0245582,0.16496761,0.5887378454208374,142,36352,792.8110754648224,2326528
106.28,2.71,2957,0.014404035,0.19791667,2.0649762,-0.023872549,0.17592813,0.5956988632678986,143,36608,798.3965807603672,2342912
109.51,2.15,2965,0.013854243,0.18611653,2.0916603,-0.024150573,0.14872046,0.6148481369018555,144,36864,803.9224396916106,2359296
107.98,3.02,2958,0.012924202,0.17071533,2.0194786,-0.023681767,0.18339902,0.6260333955287933,145,37120,809.5062321368605,2375680
104.26,2.77,3020,0.012706664,0.17041016,2.05858,-0.02364651,0.17723207,0.6092953383922577,146,37376,814.9307407960296,2392064
108.02,2.55,2952,0.013137914,0.17482503,2.1203606,-0.02513849,0.15439837,0.5962153077125549,147,37632,820.5251157209277,2408448
104.42,2.5,2980,0.014737476,0.19917805,2.0901341,-0.025142588,0.15450726,0.6007782518863678,148,37888,826.0227100159973,2424832
120.33,3.15,2872,0.0120311,0.16440837,2.091266,-0.024881443,0.17827863,0.62701615691185,149,38144,831.7713158130646,2441216
109.98,2.74,3070,0.013458367,0.18345134,2.126971,-0.026058719,0.14388275,0.5795825719833374,150,38400,837.1094402493909,2457600
119.58,2.85,2969,0.015045551,0.19262695,2.0910835,-0.026677066,0.1528195,0.5987755358219147,151,38656,842.670408946462,2473984
105.19,2.93,2921,0.013029148,0.17301433,2.0588725,-0.02688445,0.17434202,0.6113058030605316,152,38912,848.2799081765115,2490368
107.79,2.58,2904,0.015011333,0.19773357,2.0596025,-0.027259203,0.15709175,0.614335685968399,153,39168,853.9640100188553,2506752
102.83,2.27,2939,0.012959738,0.17329915,2.104057,-0.024383267,0.15885213,0.6254841089248657,154,39424,859.5388008067384,2523136
111.11,2.72,3024,0.014840164,0.19545491,2.093829,-0.02806566,0.13580382,0.6140283644199371,155,39680,864.9952602619305,2539520
111.38,2.87,2975,0.014361329,0.19008382,2.089923,-0.02416321,0.17230403,0.5953140556812286,156,39936,870.5022807642817,2555904
110.74,2.26,3026,0.015003809,0.19950359,2.0648487,-0.028171951,0.16008143,0.5794476866722107,157,40192,875.962840761058,2572288
115.43,2.92,2864,0.013907281,0.18300374,2.071658,-0.026308015,0.15335993,0.5446290075778961,158,40448,881.6836760919541,2588672
120.66,2.77,2876,0.014468595,0.19020589,2.0557227,-0.026875636,0.17053254,0.5599260926246643,159,40704,887.424558840692,2605056
107.1,2.38,3001,0.014647487,0.1895752,2.037814,-0.027735917,0.15418667,0.5520334839820862,160,40960,892.8847981570289,2621440
120.43,2.89,3029,0.014235735,0.18882243,2.0658643,-0.027024435,0.15133142,0.5633327066898346,161,41216,898.3353124279529,2637824
104.56,2.6,3007,0.013467848,0.18516032,2.043107,-0.026868468,0.15130655,0.5579068064689636,162,41472,903.7847495814785,2654208
117.38,2.92,2982,0.012956898,0.17708333,2.0618696,-0.023307825,0.17505394,0.5583322048187256,163,41728,909.3235015124083,2670592
114.66,2.43,2932,0.013267639,0.17838542,2.0449862,-0.027439581,0.1418236,0.6034510433673859,164,41984,914.9116743113846,2686976
105.22,2.83,2943,0.014388186,0.19828288,2.0479326,-0.028537268,0.16536756,0.5708513557910919,165,42240,920.5630521764979,2703360
113.06,2.61,2948,0.016049685,0.20808919,2.0536134,-0.0279012,0.14695571,0.5770643353462219,166,42496,926.1205536667258,2719744
103.96,2.04,2952,0.014518138,0.19433594,2.0612051,-0.028528133,0.1355487,0.5964083671569824,167,42752,931.7135031931102,2736128
104.97,2.25,2988,0.015522634,0.20048015,2.052091,-0.02583631,0.13919847,0.544065922498703,168,43008,937.1960738832131,2752512
114.18,2.75,2959,0.013718139,0.18469238,2.0546935,-0.026713753,0.15297197,0.6130280494689941,169,43264,942.7695123553276,2768896
114.63,2.59,2978,0.014789626,0.19541423,2.0464067,-0.024548903,0.15241067,0.5773771703243256,170,43520,948.2714778622612,2785280
105.29,2.31,2909,0.015490162,0.20452881,2.055608,-0.028161058,0.14182721,0.5638594627380371,171,43776,953.9481840804219,2801664
123.08,3.18,2947,0.01575199,0.21514893,2.0107877,-0.023246333,0.15241806,0.6393094956874847,172,44032,959.5082490919158,2818048
112.09,2.65,3000,0.0154299885,0.2049764,2.0298636,-0.028099148,0.16656564,0.5651699602603912,173,44288,965.011289877817,2834432
107.08,2.97,2874,0.013718949,0.18469238,2.0065513,-0.025985042,0.17972647,0.5847247838973999,174,44544,970.7127006072551,2850816
114.71,2.78,2915,0.015114685,0.20617676,2.0651448,-0.026776684,0.16769443,0.5817612707614899,175,44800,976.3790970286354,2867200
113.42,2.85,2968,0.014780953,0.20383708,2.0558069,-0.024932439,0.17568041,0.6507252752780914,176,45056,981.8990963278338,2883584
108.4,2.63,2955,0.015049328,0.1984253,2.0494766,-0.028217958,0.15226515,0.6433093845844269,177,45312,987.4859515223652,2899968
117.02,2.67,2877,0.015324914,0.20379639,2.0459116,-0.028380169,0.15058236,0.6162144839763641,178,45568,993.1814856296405,2916352
117.78,2.69,2906,0.016054513,0.20898438,2.045489,-0.02943343,0.1398438,0.6259318590164185,179,45824,998.8613237300888,2932736
117.46,2.55,3050,0.015176325,0.20037842,2.044448,-0.028502444,0.14434941,0.6092140674591064,180,46080,1004.2328721955419,2949120
110.63,2.6,2898,0.015594418,0.20406087,2.0506637,-0.02716408,0.18284059,0.5577991306781769,181,46336,1009.9296891642734,2965504
116.8,2.89,3017,0.013364547,0.18015544,2.0552483,-0.027409257,0.15122187,0.6629959344863892,182,46592,1015.3602184476331,2981888
105.27,2.2,2961,0.0151087865,0.20080566,2.068393,-0.028363058,0.15275614,0.5282413065433502,183,46848,1020.9371407683939,2998272
110.83,2.48,2937,0.01617744,0.22172038,2.0588696,-0.025407704,0.13748887,0.6156778633594513,184,47104,1026.5165181364864,3014656
110.72,2.07,3034,0.015768623,0.20562744,2.0523207,-0.028418804,0.12159834,0.6237030923366547,185,47360,1031.9580816524103,3031040
104.97,2.12,2924,0.016744927,0.21466064,2.004886,-0.025301918,0.13157514,0.6183137595653534,186,47616,1037.5608685910702,3047424
114.74,2.45,3030,0.015198115,0.20397949,2.0163984,-0.028177418,0.14992416,0.5739571154117584,187,47872,1043.0484624849632,3063808
109.4,2.61,2999,0.014848723,0.19940186,2.0109923,-0.025808131,0.15776058,0.6177756488323212,188,48128,1048.5122500536963,3080192
112.03,3.01,3034,0.015906274,0.2084961,2.031392,-0.026980126,0.15727143,0.6053577065467834,189,48384,1053.9557503992692,3096576
118.39,2.98,2960,0.014699408,0.19158936,1.9946136,-0.026186878,0.15655833,0.5839443206787109,190,48640,1059.4910423429683,3112960
108.46,2.64,2945,0.017739067,0.22682698,1.9639844,-0.02643265,0.15793756,0.5875109434127808,191,48896,1065.0969860544428,3129344
127.4,3.14,2997,0.01744114,0.22143555,1.978743,-0.029843757,0.165238,0.5660282671451569,192,49152,1070.5642466219142,3145728
111.59,2.87,2955,0.016898084,0.21732585,1.9783143,-0.02879368,0.16071658,0.6055345833301544,193,49408,1076.149171388708,3162112
113.32,2.63,2905,0.016464466,0.21557617,1.9920068,-0.024061343,0.1516907,0.6444534361362457,194,49664,1081.7894345028326,3178496
115.98,2.87,2942,0.016521646,0.20906575,1.998032,-0.027114013,0.1585453,0.6062200665473938,195,49920,1087.4066821243614,3194880
123.93,3.1,2997,0.015457857,0.19750977,1.9505186,-0.028668003,0.16892785,0.5884834825992584,196,50176,1092.8734349897131,3211264
103.61,2.42,2910,0.01666184,0.21643066,1.972458,-0.028211372,0.155704,0.6110806465148926,197,50432,1098.5522880572826,3227648
110.39,2.76,2926,0.016987285,0.21813965,1.9405221,-0.025693988,0.1700803,0.6112488508224487,198,50688,1104.1524614486843,3244032
120.72,2.73,2990,0.016504496,0.20981853,1.9530951,-0.029442504,0.1819908,0.5041445791721344,199,50944,1109.6780669279397,3260416
114.69,2.96,2949,0.016800014,0.21561687,1.9538959,-0.02808512,0.17596771,0.5596686601638794,200,51200,1115.234942222014,3276800
117.83,2.65,2942,0.01731177,0.22357178,1.9359779,-0.029436566,0.15166888,0.6122101247310638,201,51456,1120.846300936304,3293184
118.24,2.79,2978,0.017393982,0.22003174,1.9641882,-0.028488822,0.15128033,0.5873600542545319,202,51712,1126.3476956244558,3309568
116.9,2.76,3029,0.016269248,0.21148682,1.9864244,-0.02769762,0.16299026,0.5977140665054321,203,51968,1131.8032938847318,3325952
107.11,2.9,3040,0.017374935,0.22538249,1.9522729,-0.026217684,0.15342136,0.6391434669494629,204,52224,1137.1929486365989,3342336
106.66,2.5,2952,0.016469942,0.20595296,2.0017304,-0.028890552,0.14522807,0.5485982298851013,205,52480,1142.7840985637158,3358720
108.64,2.22,2900,0.017380832,0.21364339,2.0054,-0.027945502,0.13268958,0.599421888589859,206,52736,1148.434100174345,3375104
115.38,2.76,2922,0.015720885,0.20314534,2.0129268,-0.02669142,0.14986758,0.5621737837791443,207,52992,1154.0809534918517,3391488
108.3,2.61,3010,0.017019937,0.21616618,1.9942473,-0.029719165,0.14166883,0.6175867021083832,208,53248,1159.5241796914488,3407872
105.07,2.86,3048,0.015334864,0.20123291,1.9759554,-0.02693464,0.15778488,0.5867102742195129,209,53504,1164.9459058828652,3424256
114.64,2.89,3107,0.016430425,0.21199544,2.00376,-0.030246021,0.15100485,0.5778762400150299,210,53760,1170.2194150434807,3440640
115.86,2.77,3000,0.016861802,0.21923828,1.9644794,-0.028063914,0.13999556,0.5913009345531464,211,54016,1175.7146524246782,3457024
118.33,2.77,2990,0.018834235,0.22456868,1.9728894,-0.027856743,0.15718837,0.597660481929779,212,54272,1181.1941783437505,3473408
113.61,2.73,2912,0.016915202,0.21258545,1.9405226,-0.02678773,0.15653038,0.6363590657711029,213,54528,1186.8606417383999,3489792
116.09,2.53,3025,0.017586771,0.2197469,1.9227209,-0.02826357,0.15804444,0.6082099378108978,214,54784,1192.2763193165883,3506176
116.32,2.9,2893,0.018379083,0.22857666,1.9372905,-0.027516961,0.16391307,0.6270504593849182,215,55040,1197.9856119388714,3522560
106.09,2.64,3064,0.017542155,0.22310384,1.9499869,-0.030838652,0.15547048,0.6067787706851959,216,55296,1203.3337337914854,3538944
119.73,2.95,3086,0.017113097,0.22650146,1.9761475,-0.029435873,0.16261345,0.6001372039318085,217,55552,1208.68700669799,3555328
115.28,3.11,3016,0.017199019,0.2238973,1.9656228,-0.02767465,0.17491688,0.5734439492225647,218,55808,1214.119903916493,3571712
110.79,2.54,3032,0.017275967,0.21962483,1.9615331,-0.029477134,0.15094553,0.6272100806236267,219,56064,1219.5648405626416,3588096
122.18,3.03,3037,0.02014628,0.24723308,1.9543282,-0.029253952,0.14511612,0.6139965951442719,220,56320,1224.9600557219237,3604480
111.68,2.67,3015,0.016933009,0.22039795,1.9772248,-0.027542315,0.15568566,0.6189492046833038,221,56576,1230.4383340012282,3620864
106.41,2.66,2965,0.017622655,0.22111003,1.9480532,-0.029315116,0.17369373,0.5802420973777771,222,56832,1235.9644205402583,3637248
115.34,2.94,3072,0.0152574815,0.2041219,1.9922166,-0.030045994,0.15877415,0.6083458662033081,223,57088,1241.3394924663007,3653632
106.0,2.85,3048,0.01711913,0.21803792,1.9678904,-0.028724523,0.16085,0.650979220867157,224,57344,1246.7141600195318,3670016
119.16,2.75,2961,0.0161313,0.20922852,2.0162508,-0.0269864,0.14043035,0.6179000735282898,225,57600,1252.2901772893965,3686400
116.12,2.81,2934,0.015987348,0.21252441,1.9952103,-0.028501883,0.15718327,0.5729706287384033,226,57856,1257.8740726187825,3702784
114.78,3.38,3026,0.016811522,0.21728516,1.9936147,-0.028693298,0.15434478,0.5897491276264191,227,58112,1263.3352731363848,3719168
115.38,2.83,3026,0.015914472,0.20717366,1.9845243,-0.027912477,0.13994634,0.6217091977596283,228,58368,1268.7506529400125,3735552
109.12,2.9,3054,0.016475739,0.2131958,1.9998683,-0.030250559,0.152149,0.5915237665176392,229,58624,1274.1590072689578,3751936
110.75,2.59,2985,0.015662234,0.20859782,1.968696,-0.03212816,0.1589699,0.5937880873680115,230,58880,1279.6483695907518,3768320
129.41,3.44,3021,0.01587868,0.20924886,2.0127666,-0.028515263,0.14791815,0.5879893898963928,231,59136,1285.1104180272669,3784704
118.35,3.14,2985,0.015818821,0.20522054,2.0038865,-0.030430345,0.16281167,0.6150521039962769,232,59392,1290.599127087742,3801088
120.12,2.8,2972,0.015808735,0.20902507,1.9851599,-0.029172854,0.17271292,0.5528585314750671,233,59648,1296.156563919969,3817472
115.45,2.89,2949,0.015583287,0.20794678,1.9789315,-0.027575605,0.16963191,0.5511837899684906,234,59904,1301.7126781484112,3833856
106.92,2.36,2889,0.016957862,0.22043864,1.9841799,-0.029492095,0.14593787,0.56517493724823,235,60160,1307.4263582993299,3850240
121.63,2.78,2907,0.0174718,0.2288615,1.981593,-0.02962402,0.1594674,0.5461823046207428,236,60416,1313.0620371336117,3866624
121.41,2.9,2964,0.016101772,0.2097168,1.995603,-0.029477464,0.13380031,0.609050065279007,237,60672,1318.626333206892,3883008
125.16,3.01,2914,0.016397126,0.21453857,1.9821447,-0.026679471,0.14499684,0.5553628504276276,238,60928,1324.2491300394759,3899392
113.69,2.55,3077,0.016836597,0.21362305,1.9931623,-0.029913148,0.14837524,0.532411515712738,239,61184,1329.620812679641,3915776
113.38,3.06,2965,0.017786091,0.2234904,1.9565672,-0.030213386,0.15286207,0.550968587398529,240,61440,1335.1460859635845,3932160
117.44,2.99,2940,0.017229514,0.2164917,1.9639034,-0.03096298,0.16216694,0.523322194814682,241,61696,1340.7595377834514,3948544
124.61,3.59,2960,0.016455317,0.21221924,1.9390836,-0.02968588,0.18653804,0.5227457582950592,242,61952,1346.2950715860352,3964928
111.6,2.79,3028,0.018746117,0.23069255,1.9213696,-0.03119413,0.15590961,0.5882246494293213,243,62208,1351.7678193673491,3981312
122.18,2.91,3021,0.018604819,0.230896,1.9200802,-0.030441009,0.15992706,0.5948441624641418,244,62464,1357.191166497767,3997696
113.57,2.99,3006,0.018014537,0.22902425,1.9226608,-0.02688166,0.14284666,0.6268323957920074,245,62720,1362.6838494185358,4014080
115.21,2.91,2985,0.017469376,0.22365315,1.9323016,-0.030112967,0.1594677,0.5751374959945679,246,62976,1368.173444964923,4030464
114.55,2.95,3091,0.01749993,0.2220866,1.9171988,-0.030942647,0.1583736,0.5875018239021301,247,63232,1373.51666481141,4046848
118.94,3.55,2988,0.016700394,0.20914714,1.8919684,-0.030055424,0.17414957,0.5747069120407104,248,63488,1379.0006854142994,4063232
120.79,3.08,2977,0.01908576,0.23628743,1.9181156,-0.026087463,0.1740126,0.5834866464138031,249,63744,1384.5459832036868,4079616
113.44,2.78,3007,0.017056195,0.21535237,1.9256731,-0.030873358,0.1692812,0.603666216135025,250,64000,1389.9939604057,4096000
117.0,3.03,2934,0.017965307,0.2269694,1.9042245,-0.029850313,0.14533348,0.5870591700077057,251,64256,1395.6197976358235,4112384
106.11,2.29,2921,0.019233318,0.24135335,1.9026833,-0.028723158,0.14456011,0.5925273001194,252,64512,1401.229029645212,4128768
118.83,2.7,2962,0.016291576,0.20662434,1.8849593,-0.029907675,0.14926986,0.656178742647171,253,64768,1406.80578929279,4145152
111.85,2.91,2954,0.018020438,0.22253418,1.8911146,-0.028301267,0.15775512,0.6371113061904907,254,65024,1412.3530964516103,4161536
137.8,3.93,3046,0.018165331,0.22918701,1.9077991,-0.029580051,0.16835034,0.5934723019599915,255,65280,1417.7745749410242,4177920
115.0,2.35,3023,0.018253366,0.22953288,1.9292208,-0.028810224,0.15107448,0.5421966314315796,256,65536,1423.1937039345503,4194304
113.54,3.1,2929,0.018878257,0.22943115,1.9287025,-0.03084462,0.15445943,0.6343870460987091,257,65792,1428.8278738940135,4210688
111.8,2.8,2967,0.017790252,0.22025554,1.9132487,-0.029700777,0.18327259,0.5619166195392609,258,66048,1434.3497420055792,4227072
113.18,2.86,2937,0.018123103,0.21706136,1.9139328,-0.02991023,0.18069436,0.5869055688381195,259,66304,1439.9689696300775,4243456
122.09,3.25,2905,0.01673803,0.20119222,1.9213902,-0.030586809,0.1508207,0.6591745913028717,260,66560,1445.610167563893,4259840
120.89,3.08,2977,0.018359488,0.2263794,1.9130749,-0.032132685,0.17002136,0.5846596658229828,261,66816,1451.1574539784342,4276224
117.89,2.88,2937,0.017307885,0.21716309,1.9427891,-0.029154727,0.16308719,0.6066508591175079,262,67072,1456.7366543170065,4292608
116.63,3.44,3005,0.017092811,0.21142578,1.9286113,-0.03357284,0.16268419,0.5806191861629486,263,67328,1462.2318833218887,4308992
113.28,3.12,2944,0.019780265,0.23527019,1.9289918,-0.03297946,0.1816231,0.5939156711101532,264,67584,1467.7982467664406,4325376
113.7,2.83,2947,0.0201181,0.23728435,1.8908831,-0.032741215,0.16473483,0.6223315596580505,265,67840,1473.4024280076846,4341760
118.96,3.35,2971,0.018890379,0.2278239,1.8847948,-0.032619935,0.18910319,0.5705094933509827,266,68096,1478.9174351803958,4358144
115.95,3.2,3018,0.019120479,0.23850505,1.9293696,-0.035003807,0.15301056,0.6182470619678497,267,68352,1484.389078952372,4374528
115.47,3.03,2916,0.016103419,0.2055664,1.9271857,-0.029032059,0.18151884,0.606717586517334,268,68608,1490.0075688315555,4390912
113.73,3.3,3014,0.018756127,0.22403972,1.9248706,-0.033266153,0.18637641,0.5698211789131165,269,68864,1495.484915102832,4407296
116.63,3.29,2922,0.01733908,0.2173055,1.9024471,-0.02842939,0.17480002,0.599942684173584,270,69120,1501.0923937559128,4423680
111.78,2.88,2923,0.017817637,0.22257487,1.939992,-0.030330911,0.16914678,0.6137511730194092,271,69376,1506.8620644574985,4440064
120.65,3.05,3021,0.016475085,0.21044922,1.9507774,-0.030558467,0.17659593,0.5782492756843567,272,69632,1512.284739422612,4456448
123.83,3.52,2944,0.017597288,0.21813965,1.9381052,-0.032489315,0.16361581,0.5906494855880737,273,69888,1517.8905964335427,4472832
103.12,2.07,2980,0.01733471,0.21801758,1.9377257,-0.03131883,0.14150597,0.6134922802448273,274,70144,1523.388120347634,4489216
115.03,3.23,2874,0.018690793,0.22611491,1.9236659,-0.03062786,0.16628163,0.5816543698310852,275,70400,1529.1303763557225,4505600
113.77,2.58,2929,0.020320324,0.23248291,1.9398046,-0.033038005,0.15084924,0.6185376048088074,276,70656,1534.7245500339195,4521984
115.37,3.13,2882,0.020080326,0.23905437,1.9518114,-0.032989904,0.15560009,0.6258751153945923,277,70912,1540.4535774756223,4538368
104.35,2.62,2963,0.018587627,0.2263794,1.9437824,-0.03194635,0.1572631,0.6166478395462036,278,71168,1545.9840424349532,4554752
119.45,3.48,2995,0.017851036,0.22259521,1.9015862,-0.03014101,0.17691582,0.6433612108230591,279,71424,1551.4939762549475,4571136
128.44,3.81,2932,0.01665898,0.20865886,1.8874534,-0.031907123,0.1809616,0.5839919745922089,280,71680,1557.0827669464052,4587520
113.01,3.24,3002,0.018298803,0.21099854,1.8666941,-0.033914182,0.18081637,0.6117287576198578,281,71936,1562.5881646350026,4603904
118.29,3.56,3038,0.017077034,0.21034749,1.8858634,-0.032379992,0.16461693,0.6300242245197296,282,72192,1567.9824568163604,4620288
122.77,3.43,2896,0.017784901,0.22121175,1.8856133,-0.030409308,0.17389895,0.5783673524856567,283,72448,1573.6786656109616,4636672
119.04,3.65,2910,0.019330254,0.22845459,1.8842611,-0.0334321,0.1796164,0.6440888047218323,284,72704,1579.3089796984568,4653056
112.14,2.7,2986,0.021021761,0.24108887,1.9052944,-0.030771686,0.1454786,0.6255448162555695,285,72960,1584.8388814339414,4669440
118.92,2.88,2910,0.019439705,0.2288615,1.9019537,-0.03287855,0.1559661,0.6146163940429688,286,73216,1590.4698933558539,4685824
122.29,3.06,3029,0.017024117,0.20558675,1.8995713,-0.030307144,0.1541693,0.613030731678009,287,73472,1595.9230636088178,4702208
118.71,2.81,3010,0.018687053,0.22485352,1.8983866,-0.03306894,0.14639959,0.6606264710426331,288,73728,1601.3662796905264,4718592
115.12,3.39,2896,0.016697269,0.20163982,1.8760144,-0.034073092,0.17670566,0.5677725970745087,289,73984,1607.0692614810541,4734976
106.05,2.86,2961,0.01942002,0.2331543,1.9003838,-0.031497344,0.16435535,0.6274109780788422,290,74240,1612.6032873746008,4751360
122.88,3.18,3002,0.018998867,0.22379558,1.8890601,-0.032699097,0.16102688,0.6275177299976349,291,74496,1618.1019089650363,4767744
114.31,3.54,2986,0.017932603,0.21787517,1.8635305,-0.032206364,0.1674412,0.6412099599838257,292,74752,1623.5899974470958,4784128
96.49,2.36,3020,0.020289244,0.2374878,1.8974584,-0.03051292,0.15425093,0.6191696226596832,293,75008,1629.0553115596995,4800512
120.53,3.22,3021,0.01953228,0.23451741,1.8710073,-0.03192275,0.16449124,0.6061038672924042,294,75264,1634.4796705972403,4816896
103.69,3.04,2937,0.01965818,0.22953288,1.8791691,-0.032902386,0.16012251,0.634028971195221,295,75520,1640.1019447008148,4833280
114.67,3.03,2926,0.020320727,0.22585042,1.8724829,-0.032940757,0.16234939,0.6231489777565002,296,75776,1645.7020053174347,4849664
106.69,2.84,2883,0.018339371,0.22505696,1.8729829,-0.030603463,0.16744612,0.640464574098587,297,76032,1651.4266167338938,4866048
116.25,2.84,2961,0.02154989,0.24367268,1.8760114,-0.03173757,0.14675497,0.6224411129951477,298,76288,1656.9592511644587,4882432
125.99,2.95,2931,0.01879535,0.23122151,1.873442,-0.03142899,0.1624644,0.6523258090019226,299,76544,1662.591787604615,4898816
115.76,3.36,2939,0.019826828,0.2332967,1.8613552,-0.033371355,0.15414895,0.6470853984355927,300,76800,1668.1667148796842,4915200
114.4,3.38,2983,0.01960581,0.24043782,1.8259631,-0.02728834,0.18502478,0.6360332071781158,301,77056,1673.6976899811998,4931584
124.37,3.54,2958,0.018766593,0.22249348,1.8500737,-0.0320835,0.17155702,0.638214647769928,302,77312,1679.2364357886836,4947968
120.91,3.59,2879,0.020525929,0.22892253,1.8456529,-0.029973092,0.20215969,0.5667398273944855,303,77568,1684.9690484935418,4964352
118.76,3.03,2950,0.022438167,0.24155681,1.8360962,-0.0321238,0.15224935,0.6374170482158661,304,77824,1690.522798921913,4980736
120.38,3.31,2920,0.018829742,0.22265625,1.8356562,-0.031800758,0.17927653,0.585425466299057,305,78080,1696.1794243017212,4997120
113.43,3.11,3001,0.020429209,0.23122151,1.8067231,-0.03232476,0.18003447,0.6050730645656586,306,78336,1701.6388483159244,5013504
115.93,3.19,2901,0.018631268,0.22235107,1.8283229,-0.0338987,0.16465218,0.6680854558944702,307,78592,1707.3309832774103,5029888
120.93,3.17,2928,0.020929685,0.24239095,1.846845,-0.033628304,0.15730041,0.6432704925537109,308,78848,1712.9276077458635,5046272
116.65,3.67,3028,0.019600509,0.22723389,1.8442074,-0.031667527,0.19260015,0.6249420642852783,309,79104,1718.4084775708616,5062656
111.26,3.24,2983,0.018992908,0.22662354,1.8340207,-0.033534102,0.17572092,0.6420334875583649,310,79360,1723.9024992929772,5079040
104.36,3.08,2991,0.018894367,0.21677653,1.8472258,-0.031318974,0.18721694,0.6039204299449921,311,79616,1729.4262382620946,5095424
123.6,3.25,2995,0.01926327,0.22462972,1.8435035,-0.03318965,0.17520607,0.6437655389308929,312,79872,1734.896902850829,5111808
124.11,3.97,3011,0.020069413,0.23494466,1.7927712,-0.03196906,0.16888875,0.6465264558792114,313,80128,1740.3845254536718,5128192
109.67,2.87,2953,0.020925455,0.24424236,1.8219761,-0.031200776,0.17045946,0.5972272455692291,314,80384,1745.933564583771,5144576
111.64,2.78,2921,0.02149386,0.24475098,1.8073055,-0.031973943,0.18235046,0.5933933258056641,315,80640,1751.584548813291,5160960
126.42,4.02,3057,0.019703586,0.23612468,1.7963052,-0.03297899,0.19349389,0.5776589512825012,316,80896,1756.9436400998384,5177344
124.88,3.43,2889,0.020401528,0.2397054,1.7943144,-0.029465139,0.18702783,0.6280821561813354,317,81152,1762.6548355333507,5193728
115.18,3.07,3040,0.019470638,0.23612468,1.7881004,-0.031175492,0.18512945,0.624199241399765,318,81408,1768.045363234356,5210112
107.21,3.06,2962,0.020482132,0.23791504,1.7985841,-0.033923227,0.17815655,0.6294642984867096,319,81664,1773.6324572889134,5226496
111.93,3.13,2988,0.019219445,0.2331136,1.7833681,-0.03204274,0.18956195,0.6377155184745789,320,81920,1779.1160457320511,5242880
114.63,3.12,2919,0.0199737,0.24169922,1.8256327,-0.032495838,0.16110016,0.6502475738525391,321,82176,1784.7735629361123,5259264
122.21,3.84,2990,0.019872202,0.22937012,1.7589768,-0.030533673,0.18362407,0.6612038016319275,322,82432,1790.2529105609283,5275648
123.01,3.29,2976,0.021418864,0.25065103,1.8201666,-0.031005086,0.16826259,0.5893883109092712,323,82688,1795.800163387321,5292032
112.98,3.13,3002,0.020171614,0.24660237,1.7701116,-0.02863732,0.18495388,0.6503083109855652,324,82944,1801.257795915939,5308416
111.09,3.04,2923,0.021047352,0.2421875,1.769711,-0.031524956,0.1607488,0.650137335062027,325,83200,1806.9105347506702,5324800
114.72,2.99,3028,0.019620465,0.23264568,1.7915388,-0.031908434,0.18317325,0.6881181001663208,326,83456,1812.3219865895808,5341184
123.57,3.57,3012,0.019208321,0.22351074,1.8068272,-0.034549054,0.17781435,0.645004540681839,327,83712,1817.8076234534383,5357568
122.89,3.28,2993,0.019314745,0.23000081,1.80164,-0.031352367,0.17233098,0.6275001466274261,328,83968,1823.2821588683873,5373952
107.02,2.73,3004,0.02099082,0.24871826,1.82104,-0.031583432,0.15665676,0.5902654826641083,329,84224,1828.7815914573148,5390336
119.54,3.42,2992,0.019718051,0.24068196,1.8356997,-0.03214245,0.16677326,0.6392108201980591,330,84480,1834.2580404616892,5406720
112.33,3.01,2880,0.018601514,0.22528076,1.867843,-0.033763994,0.15488058,0.6274464428424835,331,84736,1839.9946709638461,5423104
118.93,3.15,2972,0.01987414,0.2395223,1.8294472,-0.03392204,0.15814854,0.6467768251895905,332,84992,1845.5074054282159,5439488
123.85,3.18,2917,0.01738866,0.21936035,1.8511535,-0.0320615,0.1720512,0.6351637244224548,333,85248,1851.1681178230792,5455872
122.03,2.9,3000,0.019385463,0.23124187,1.8337449,-0.0328784,0.16046745,0.6417767703533173,334,85504,1856.6302597178146,5472256
125.7,3.58,2942,0.018809896,0.22546387,1.8490772,-0.034123585,0.17170918,0.6535508632659912,335,85760,1862.2433420373127,5488640
110.55,2.88,2955,0.018255105,0.22052002,1.8279268,-0.031787183,0.15170902,0.6377105712890625,336,86016,1867.7879194477573,5505024
121.81,3.47,2940,0.018883687,0.22928874,1.8190454,-0.03064999,0.19129564,0.6425592005252838,337,86272,1873.4030713727698,5521408
119.88,3.26,2929,0.01749067,0.21954346,1.8649684,-0.03137272,0.16117732,0.6491830945014954,338,86528,1878.9975522430614,5537792
114.12,3.16,3042,0.019027615,0.22957356,1.8559474,-0.031907205,0.15281677,0.6849388778209686,339,86784,1884.4214753378183,5554176
116.36,2.96,2947,0.01919414,0.22192383,1.8830189,-0.03456239,0.15572624,0.6657492518424988,340,87040,1889.9805352743715,5570560
111.29,2.8,2936,0.019752013,0.22912598,1.8827376,-0.032747686,0.15626514,0.6418874561786652,341,87296,1895.6048477860168,5586944
123.78,3.45,2983,0.018233174,0.22298177,1.9158865,-0.033378325,0.16333897,0.5930624604225159,342,87552,1901.0978248929605,5603328
115.28,2.63,3009,0.019694312,0.22664388,1.8872708,-0.034194246,0.14934269,0.6470214426517487,343,87808,1906.5821385271847,5619712
117.98,3.34,2979,0.019288454,0.23158772,1.8980056,-0.03198269,0.16743313,0.6239502429962158,344,88064,1912.0817603738979,5636096
112.17,3.09,2989,0.0183085,0.22279866,1.8993968,-0.03522985,0.15602408,0.6443372070789337,345,88320,1917.6067414386198,5652480
113.26,2.84,3033,0.018307235,0.22033691,1.8786612,-0.031882353,0.14793606,0.6343038380146027,346,88576,1923.007846727036,5668864
116.34,3.35,3022,0.018359283,0.21885173,1.8654361,-0.03445864,0.16955484,0.6394367814064026,347,88832,1928.4749937569723,5685248
125.1,3.33,3077,0.018050374,0.21795654,1.9140215,-0.032605734,0.15007712,0.6641179621219635,348,89088,1933.7991380020976,5701632
119.59,3.14,3050,0.01876419,0.22721355,1.9141693,-0.034543093,0.12965482,0.6710205078125,349,89344,1939.2090066699311,5718016
113.28,2.81,3007,0.018948669,0.22353108,1.9046955,-0.033328038,0.13631941,0.6150769591331482,350,89600,1944.6576168062165,5734400
116.64,2.63,2981,0.018774757,0.22125244,1.9035263,-0.03520101,0.14948763,0.613948255777359,351,89856,1950.2014688802883,5750784
120.78,3.4,3083,0.019624516,0.23858643,1.8827757,-0.033359926,0.15039298,0.6330202519893646,352,90112,1955.516152846627,5767168
112.2,2.91,2986,0.01834672,0.21830241,1.8960376,-0.032630548,0.15556864,0.6081335246562958,353,90368,1961.0429971152917,5783552
116.89,3.3,2993,0.019219792,0.23044841,1.894764,-0.032727364,0.14932343,0.612637847661972,354,90624,1966.5177969010547,5799936
116.13,3.42,3030,0.018534541,0.22723389,1.8550733,-0.032152247,0.17971408,0.531364917755127,355,90880,1971.9698852011934,5816320
126.59,3.22,3005,0.017186904,0.21354167,1.8740015,-0.030944556,0.16056976,0.629296213388443,356,91136,1977.421825464815,5832704
129.6,3.38,2973,0.018133981,0.2244873,1.8920465,-0.032015406,0.15343943,0.622890442609787,357,91392,1982.9732815567404,5849088
116.21,3.02,2928,0.020815317,0.24361165,1.9098884,-0.03345974,0.14614047,0.6313596367835999,358,91648,1988.5697148842737,5865472
118.99,2.89,2969,0.01919187,0.23777263,1.9290137,-0.032901015,0.13265698,0.6156980097293854,359,91904,1994.1251695314422,5881856
114.19,2.76,3056,0.018964464,0.22153728,1.9118727,-0.032696296,0.1421384,0.6244116425514221,360,92160,1999.4864220507443,5898240
124.32,3.42,2930,0.017289238,0.21447754,1.9305682,-0.03292565,0.16330467,0.6260071396827698,361,92416,2005.1269396757707,5914624
115.44,2.71,2994,0.018144205,0.22027588,1.9120044,-0.034434702,0.14362979,0.6334714293479919,362,92672,2010.5993704609573,5931008
113.83,2.79,2897,0.020785054,0.2353719,1.9180803,-0.033473242,0.1398723,0.6283863186836243,363,92928,2016.328798850067,5947392
116.44,2.73,2901,0.019877486,0.228597,1.9177877,-0.03506237,0.13762881,0.6739442050457001,364,93184,2021.9765602890402,5963776
122.44,3.15,3019,0.019985223,0.23620605,1.9180716,-0.0307435,0.1328127,0.6565243005752563,365,93440,2027.4417572710663,5980160
121.72,3.11,2905,0.018950986,0.22475179,1.9102551,-0.032577097,0.13944885,0.5942445397377014,366,93696,2033.0816094493493,5996544
101.77,2.63,2963,0.01948511,0.22558594,1.8452406,-0.03342816,0.17225416,0.6092391908168793,367,93952,2038.6567298462614,6012928
129.83,3.56,2967,0.020088788,0.24098714,1.8996563,-0.034446724,0.14889239,0.6216104030609131,368,94208,2044.1797859817743,6029312
105.17,2.71,2916,0.017132195,0.21394856,1.8762714,-0.029789554,0.18074667,0.6140047311782837,369,94464,2049.844037228264,6045696
114.76,3.14,3033,0.019903835,0.23132324,1.8968362,-0.037473977,0.13667025,0.6776972115039825,370,94720,2055.245435208082,6062080
106.8,3.23,2883,0.020096734,0.23683675,1.878115,-0.032393556,0.18385093,0.6184616088867188,371,94976,2060.9701838865876,6078464
115.84,3.22,2926,0.020220563,0.23447673,1.8856882,-0.03429285,0.15296717,0.6217351257801056,372,95232,2066.570828956552,6094848
122.6,3.46,2973,0.019680966,0.23012288,1.9246632,-0.034153666,0.17411463,0.5990324318408966,373,95488,2072.125817326829,6111232
124.56,3.7,2965,0.017332567,0.21356201,1.9086345,-0.03207845,0.16678005,0.625627875328064,374,95744,2077.651754735969,6127616
114.86,3.18,2908,0.017466387,0.2189331,1.9317797,-0.0328369,0.15451418,0.6245567798614502,375,96000,2083.329321941361,6144000
120.25,3.52,2925,0.018681506,0.22469075,1.8809104,-0.033474486,0.14900182,0.6418477892875671,376,96256,2088.931713534519,6160384
116.32,3.3,3081,0.017354453,0.21551514,1.8786291,-0.031128684,0.17967409,0.6409443020820618,377,96512,2094.2945619728416,6176768
121.08,3.52,2993,0.019403808,0.22947185,1.8912644,-0.034683846,0.15514852,0.6038567125797272,378,96768,2099.769211180508,6193152
120.21,3.35,3041,0.019244427,0.23474121,1.9096565,-0.03298866,0.14480971,0.6697493195533752,379,97024,2105.1984470207244,6209536
123.49,3.52,2881,0.020548457,0.24013264,1.8845816,-0.034044657,0.14546044,0.60792076587677,380,97280,2110.8856122037396,6225920
111.97,2.82,3025,0.020813698,0.23461914,1.8720111,-0.032724462,0.15150857,0.6822419762611389,381,97536,2116.34493513871,6242304
119.11,3.17,2937,0.019342726,0.22723389,1.8797668,-0.035120223,0.15900147,0.6245713531970978,382,97792,2121.9236919907853,6258688
118.23,3.49,2930,0.019164123,0.2247111,1.870317,-0.031858407,0.17769371,0.6692081391811371,383,98048,2127.5607792688534,6275072
114.46,2.87,2930,0.01841005,0.21877034,1.8871531,-0.032562193,0.1754302,0.5936866402626038,384,98304,2133.152583778836,6291456
122.76,3.41,3023,0.019069707,0.22717285,1.9152246,-0.033297893,0.14230306,0.6204745173454285,385,98560,2138.6184997539967,6307840
129.14,3.83,2928,0.019444967,0.22666423,1.8907088,-0.033579297,0.13988629,0.6487600803375244,386,98816,2144.2142667071894,6324224
126.25,3.14,2875,0.01845436,0.22237141,1.9120668,-0.03294938,0.13212116,0.6549669206142426,387,99072,2149.9552980987355,6340608
109.89,2.57,2884,0.018301232,0.22127278,1.892219,-0.03131779,0.14427008,0.6440810859203339,388,99328,2155.636989992112,6356992
115.91,3.09,2949,0.019090785,0.22666423,1.8906288,-0.033854533,0.148736,0.6393467783927917,389,99584,2161.239113663323,6373376
120.87,2.96,2907,0.019317938,0.21891277,1.8691573,-0.03306898,0.142802,0.6584737598896027,390,99840,2166.874514207244,6389760
117.68,3.61,3026,0.020745331,0.23527019,1.8799844,-0.032953247,0.1512379,0.6541958451271057,391,100096,2172.352130177431,6406144
116.57,3.4,2973,0.019399375,0.21030681,1.8886305,-0.033133496,0.15285407,0.6738007068634033,392,100352,2177.8640417996794,6422528
107.66,3.37,3032,0.019668529,0.21638997,1.8331724,-0.035177264,0.16120785,0.6517908275127411,393,100608,2183.315899981186,6438912
118.2,3.1,2979,0.020027967,0.23079427,1.8861953,-0.032890733,0.15351,0.6300126016139984,394,100864,2188.8151116250083,6455296
127.84,3.67,2920,0.01952473,0.23016357,1.8681536,-0.030455207,0.16065921,0.6170351803302765,395,101120,2194.465209480375,6471680
122.78,2.83,3030,0.018901723,0.22688802,1.9242722,-0.033825178,0.1299743,0.6539368033409119,396,101376,2199.8737314725295,6488064
110.48,3.06,2987,0.019518787,0.23238118,1.8226466,-0.03202388,0.17387865,0.6761749386787415,397,101632,2205.4000363182276,6504448
116.25,3.1,2982,0.020000197,0.23553467,1.8862624,-0.033639457,0.16042048,0.620902955532074,398,101888,2210.8944873036817,6520832
135.86,3.76,3006,0.018618723,0.22747803,1.8760201,-0.034777723,0.1506206,0.6483052372932434,399,102144,2216.411139287986,6537216
118.87,3.35,2933,0.018482178,0.22332764,1.8915473,-0.033486616,0.15378587,0.6208586096763611,400,102400,2221.9976648921147,6553600
108.21,2.77,3000,0.018543871,0.22127278,1.8653512,-0.034079038,0.15561889,0.6397034227848053,401,102656,2227.5019002864137,6569984
121.24,3.14,3062,0.02115313,0.23940022,1.8764113,-0.034790225,0.15833355,0.5954074263572693,402,102912,2232.8534723185003,6586368
127.46,3.6,2997,0.02147305,0.2365926,1.8985472,-0.03181305,0.15253377,0.6103520691394806,403,103168,2238.366026188247,6602752
110.72,2.8,2921,0.021507425,0.24753825,1.8453518,-0.03477021,0.15849045,0.6229085028171539,404,103424,2243.9801019132137,6619136
128.51,3.76,2900,0.01991909,0.23168945,1.8925997,-0.033381198,0.13019906,0.6305820345878601,405,103680,2249.67417074088,6635520
118.1,2.92,3048,0.018843312,0.22338867,1.9033813,-0.03566349,0.15647538,0.6012844443321228,406,103936,2255.0498447623104,6651904
121.44,3.08,2956,0.020483745,0.2366333,1.913061,-0.03433814,0.14405823,0.6258998811244965,407,104192,2260.640630820766,6668288
120.55,3.31,2965,0.02014991,0.23075359,1.8947765,-0.036426406,0.14715077,0.6088839173316956,408,104448,2266.1668484173715,6684672
113.51,2.59,3075,0.017947057,0.22206624,1.9171118,-0.032029513,0.13726342,0.6711424589157104,409,104704,2271.532395376824,6701056
114.4,2.8,2977,0.01875629,0.23284912,1.914648,-0.029075166,0.13522154,0.6575878262519836,410,104960,2277.0358899990097,6717440
114.22,2.93,2868,0.018589327,0.2185262,1.9273771,-0.03555535,0.124314584,0.6360369920730591,411,105216,2282.7919591367245,6733824
122.37,3.27,2933,0.018005254,0.2207845,1.935142,-0.03377806,0.15031661,0.6146069467067719,412,105472,2288.3778799176216,6750208
113.91,3.07,2937,0.020135572,0.24560547,1.9082991,-0.031841956,0.14457394,0.5914217531681061,413,105728,2293.997194235213,6766592
108.91,2.77,3004,0.020410627,0.23783366,1.9333911,-0.03466651,0.13717514,0.6189312934875488,414,105984,2299.4505479047075,6782976
110.64,3.05,2965,0.019367648,0.22953288,1.9144357,-0.035249446,0.14588676,0.5797898471355438,415,106240,2305.0220560561866,6799360
109.1,2.66,2908,0.019463157,0.23264568,1.9133477,-0.034360338,0.14700946,0.6753800809383392,416,106496,2310.656486337073,6815744
127.04,3.24,3049,0.020878496,0.23781331,1.919784,-0.035273846,0.15613018,0.5724621713161469,417,106752,2316.0996240694076,6832128
112.71,2.79,3003,0.02203699,0.2514445,1.9412063,-0.030155174,0.119235374,0.6474336087703705,418,107008,2321.556108542718,6848512
112.8,2.69,2947,0.021034596,0.24188232,1.9138942,-0.03606343,0.13423575,0.6277061104774475,419,107264,2327.1590620800853,6864896
121.03,3.57,2970,0.02104511,0.23657227,1.9152125,-0.035621393,0.15499769,0.6189137101173401,420,107520,2332.6755679920316,6881280
116.81,2.93,2949,0.018403063,0.21964519,1.8986055,-0.032806393,0.15650414,0.6153608858585358,421,107776,2338.276636100374,6897664
119.94,3.3,2993,0.019347882,0.23221843,1.9548469,-0.035356518,0.16036254,0.5449248552322388,422,108032,2343.7513742782176,6914048
127.51,3.35,2937,0.019863117,0.22804768,1.8631139,-0.0352617,0.15581875,0.6450954675674438,423,108288,2349.37317430228,6930432
125.37,3.2,2932,0.021500843,0.2432251,1.8798995,-0.03588637,0.13251655,0.6360560953617096,424,108544,2354.9611070612445,6946816
126.5,3.4,2987,0.019991687,0.2321167,1.8775392,-0.03578964,0.14600946,0.6419316828250885,425,108800,2360.4901083149016,6963200
113.63,3.19,2942,0.020612339,0.2310384,1.8714328,-0.03327092,0.16399112,0.6068206131458282,426,109056,2366.060031945817,6979584
121.07,3.48,3018,0.020187614,0.2321574,1.863402,-0.03429671,0.16718476,0.6294212937355042,427,109312,2371.526973815635,6995968
121.04,3.29,3029,0.021227604,0.24330647,1.8838593,-0.035047863,0.14319141,0.6017335057258606,428,109568,2376.9369175266474,7012352
117.96,3.01,3026,0.023467967,0.24749756,1.8362013,-0.03640582,0.14771004,0.61713707447052,429,109824,2382.3967051738873,7028736
117.06,3.12,3062,0.021357676,0.24106853,1.8556632,-0.033365354,0.14257942,0.6171655356884003,430,110080,2387.7480561733246,7045120
118.43,3.11,2891,0.0207191,0.23468018,1.8311378,-0.03488821,0.15530439,0.6430418193340302,431,110336,2393.457675671205,7061504
131.71,3.35,2951,0.021432439,0.23742676,1.8372545,-0.03629312,0.14134002,0.6534334421157837,432,110592,2399.0101294545457,7077888
115.26,3.71,2934,0.02117377,0.2397461,1.799458,-0.034316603,0.16850846,0.6275538802146912,433,110848,2404.6356248753145,7094272
131.97,3.99,2919,0.024559936,0.25891113,1.7986809,-0.032662246,0.16517492,0.6412730515003204,434,111104,2410.248239381239,7110656
124.13,3.53,2956,0.023254069,0.24473064,1.8076481,-0.03362937,0.14500447,0.6615079343318939,435,111360,2415.835013094358,7127040
115.34,3.17,2991,0.02185648,0.24271648,1.8141665,-0.032738507,0.17974614,0.6183353960514069,436,111616,2421.3125856686383,7143424
123.83,3.69,2986,0.020378416,0.23710124,1.8064097,-0.033456653,0.15403078,0.6540341973304749,437,111872,2426.844661090523,7159808
117.74,3.06,2984,0.022910165,0.2539673,1.8109838,-0.03581759,0.15480658,0.6116634011268616,438,112128,2432.334669026546,7176192
116.27,3.04,2968,0.022325277,0.2440389,1.81894,-0.033382375,0.14997987,0.6094370782375336,439,112384,2437.8924720203504,7192576
115.93,3.35,3015,0.02232886,0.24849446,1.8114702,-0.03223492,0.15536875,0.6744368076324463,440,112640,2443.3266865378246,7208960
125.78,3.46,3009,0.023205807,0.24987793,1.7877413,-0.033848833,0.1605273,0.6325894594192505,441,112896,2448.818903911859,7225344
121.52,3.21,2992,0.023915702,0.25526938,1.7997428,-0.03406971,0.15413749,0.6255340278148651,442,113152,2454.295348390937,7241728
128.61,3.91,2932,0.022838758,0.24442546,1.76675,-0.0323972,0.17181318,0.6627790629863739,443,113408,2459.9217307129875,7258112
127.46,3.49,3009,0.024426848,0.2586263,1.7916023,-0.035582725,0.15115516,0.6887539029121399,444,113664,2465.3670345190912,7274496
122.46,3.43,2943,0.02230107,0.24617513,1.7890502,-0.03242109,0.14852765,0.655798077583313,445,113920,2471.016110897064,7290880
122.35,3.64,3097,0.022876685,0.24131267,1.7571129,-0.032858707,0.17052437,0.6041780114173889,446,114176,2476.306436765939,7307264
122.32,3.67,2940,0.02207922,0.24117024,1.7889165,-0.03510871,0.14839074,0.6414693593978882,447,114432,2481.939754134044,7323648
124.43,3.25,3026,0.022049606,0.23498535,1.8147222,-0.033976924,0.17272763,0.6078603565692902,448,114688,2487.3537446185946,7340032
132.08,3.77,3001,0.021645233,0.23425293,1.7880559,-0.03652468,0.1473164,0.6417800188064575,449,114944,2492.8563832752407,7356416
125.15,3.55,2986,0.023112798,0.253479,1.7590874,-0.03689058,0.16275121,0.6509108543395996,450,115200,2498.3443959942088,7372800
117.16,2.87,2955,0.02555085,0.26953125,1.793435,-0.035465706,0.15572679,0.6318478584289551,451,115456,2503.933910548687,7389184
120.16,3.65,2929,0.02263849,0.24369304,1.7608868,-0.035549562,0.19141108,0.5966363251209259,452,115712,2509.5280511677265,7405568
123.62,3.41,2889,0.023808852,0.2584839,1.7895037,-0.03205333,0.16352691,0.6500511467456818,453,115968,2515.2438548812643,7421952
122.26,3.63,3007,0.021754475,0.23028564,1.8049206,-0.035362046,0.1538103,0.6887396574020386,454,116224,2520.6938021900132,7438336
123.86,3.45,2949,0.021826485,0.24611409,1.8020898,-0.034384727,0.16371615,0.6928690075874329,455,116480,2526.2939121266827,7454720
126.4,3.74,2895,0.022657296,0.25168863,1.7841554,-0.03291693,0.1718616,0.6426394879817963,456,116736,2531.953310227953,7471104
110.4,2.93,2930,0.02217321,0.24224854,1.7491798,-0.033806164,0.17806886,0.6433804929256439,457,116992,2537.584319143556,7487488
113.74,3.2,2900,0.024638653,0.25482178,1.735897,-0.03279509,0.18550946,0.6226280331611633,458,117248,2543.234335445799,7503872
114.33,3.13,2935,0.02159553,0.23669434,1.7902899,-0.034482997,0.18023705,0.6392223536968231,459,117504,2548.8596086464822,7520256
112.78,3.22,2925,0.022978751,0.24741618,1.7874035,-0.03650786,0.15781507,0.6509031057357788,460,117760,2554.4610869176686,7536640
115.86,3.37,2978,0.022613376,0.24965413,1.7612791,-0.035571244,0.16425236,0.6252596080303192,461,118016,2560.00656696409,7553024
115.61,3.58,2969,0.021823175,0.2444865,1.7733613,-0.03445119,0.15813045,0.661327987909317,462,118272,2565.524960730225,7569408
115.22,3.25,2999,0.022283671,0.24454753,1.7821721,-0.0335671,0.17227398,0.6177473664283752,463,118528,2571.0277933022007,7585792
107.19,3.02,2968,0.0223933,0.24574788,1.7825274,-0.034774546,0.18813866,0.6272264122962952,464,118784,2576.5475374963135,7602176
132.19,4.35,2993,0.019694967,0.22825114,1.7847567,-0.031508807,0.18203141,0.6308566033840179,465,119040,2582.0642450433224,7618560
124.61,3.79,2957,0.023654493,0.25783285,1.7865618,-0.03529148,0.19481076,0.6232213079929352,466,119296,2587.604263811372,7634944
119.47,3.12,2938,0.023164129,0.24973552,1.8076811,-0.036567274,0.18440259,0.5856638252735138,467,119552,2593.2163920346648,7651328
108.15,2.94,2899,0.021879122,0.24261475,1.8055081,-0.03324028,0.17266367,0.6523354053497314,468,119808,2598.868683781475,7667712
126.74,3.35,2903,0.022198932,0.23392741,1.7972814,-0.03323883,0.15262003,0.6817307472229004,469,120064,2604.5560715105385,7684096
116.11,3.28,2974,0.022346532,0.23651123,1.8113676,-0.033740792,0.17225857,0.6310510039329529,470,120320,2610.0653489809483,7700480
118.66,3.53,2964,0.021876575,0.23931885,1.7961116,-0.03165407,0.16176021,0.633206307888031,471,120576,2615.635497082956,7716864
130.12,3.79,3058,0.021027746,0.23520915,1.7788224,-0.03412365,0.18526573,0.6105368733406067,472,120832,2620.993120209314,7733248
131.44,3.6,2949,0.024226315,0.2524821,1.798807,-0.03667518,0.14476275,0.6478593945503235,473,121088,2626.593101680279,7749632
125.24,3.79,2957,0.021586621,0.24810791,1.8102275,-0.032163665,0.15774293,0.6460180878639221,474,121344,2632.134502365254,7766016
115.36,2.93,2918,0.020956164,0.23134358,1.8085302,-0.034022707,0.15691032,0.6130569577217102,475,121600,2637.7911575073376,7782400
118.05,3.94,2993,0.02128165,0.2421875,1.7915617,-0.03361352,0.18347205,0.6042355597019196,476,121856,2643.264697617851,7798784
116.91,3.3,2891,0.022476777,0.24127197,1.8010203,-0.03449655,0.1629659,0.6353058815002441,477,122112,2648.971292306669,7815168
122.11,3.48,3012,0.02238653,0.2475179,1.7727666,-0.034698136,0.15164629,0.6603413224220276,478,122368,2654.411250386387,7831552
134.66,3.59,2956,0.021144835,0.2364502,1.8284922,-0.031674493,0.15595238,0.6358737945556641,479,122624,2659.996834446676,7847936
117.41,3.4,2925,0.025108425,0.26098633,1.7889829,-0.036586285,0.1612186,0.6671473383903503,480,122880,2665.598084562458,7864320
134.91,4.05,2986,0.021248875,0.23598225,1.7887853,-0.035506826,0.18957663,0.6506411135196686,481,123136,2671.1274128193036,7880704
120.25,3.67,3014,0.022820035,0.24316406,1.7948827,-0.034362502,0.15857315,0.6532220542430878,482,123392,2676.563469494693,7897088
125.37,3.62,2898,0.022938421,0.24483235,1.8037162,-0.032018717,0.18791918,0.6652190387248993,483,123648,2682.2619100315496,7913472
116.42,3.62,2959,0.023583548,0.243632,1.8291062,-0.035022262,0.16651772,0.6333087980747223,484,123904,2687.7987416423857,7929856
129.72,3.65,2942,0.0206344,0.2409668,1.8176967,-0.030067086,0.1663928,0.6547591388225555,485,124160,2693.4082085685804,7946240
131.02,3.73,2952,0.021290613,0.2411499,1.8173494,-0.030650921,0.16924392,0.653630942106247,486,124416,2698.9581967545673,7962624
112.89,3.17,3019,0.021431906,0.23175049,1.8084875,-0.03396104,0.17206554,0.6690770387649536,487,124672,2704.4276487082243,7979008
133.26,4.3,2983,0.022017816,0.22790527,1.7828249,-0.035414193,0.19153662,0.6255132555961609,488,124928,2709.9205548670143,7995392
113.94,3.22,3064,0.022865528,0.24289958,1.8037602,-0.034905344,0.16214876,0.6115594804286957,489,125184,2715.3189993808046,8011776
128.11,3.61,2908,0.023928335,0.24957275,1.7673823,-0.03283309,0.16553836,0.6804523169994354,490,125440,2720.9530974868685,8028160
122.56,3.53,2960,0.020689601,0.2312622,1.8022265,-0.033632204,0.18633972,0.628920316696167,491,125696,2726.5314471442252,8044544
138.46,4.23,2969,0.023930645,0.25101724,1.8559351,-0.036281593,0.15097639,0.703936368227005,492,125952,2732.0505823846906,8060928
123.27,3.25,2969,0.021888671,0.23677571,1.8174785,-0.035837334,0.16002241,0.6660285890102386,493,126208,2737.60870353505,8077312
119.09,3.55,2902,0.022802169,0.24141438,1.7699004,-0.033010665,0.1830544,0.6568531394004822,494,126464,2743.2540101828054,8093696
116.58,3.25,2963,0.021495843,0.2321167,1.8314413,-0.034651637,0.15882367,0.6198836863040924,495,126720,2748.8272994142026,8110080
122.97,3.44,3024,0.023871278,0.24226888,1.8009272,-0.035945404,0.16605414,0.66770339012146,496,126976,2754.2459819978103,8126464
124.12,4.11,2973,0.02233313,0.24173991,1.8117574,-0.034473903,0.16203968,0.7031750380992889,497,127232,2759.8013548254967,8142848
118.21,3.26,2916,0.024018971,0.2589518,1.8302822,-0.0313388,0.16828723,0.6407917737960815,498,127488,2765.4202252924442,8159232
131.95,3.78,2966,0.021393029,0.23655193,1.8244356,-0.035549995,0.15836199,0.6869744956493378,499,127744,2770.9898762488738,8175616
127.57,3.25,3003,0.02367449,0.24951172,1.8369508,-0.03609608,0.14983615,0.6874878108501434,500,128000,2776.4460665974766,8192000
